<?xml version='1.0'?>
<dados>
  <video>
    <idiv>-79uIRQiAFM00000000001</idiv>
    <ide>-79uIRQiAFM</ide>
    <author>Comunidade-BR</author>
    <embed>usuario@email.com</email>
    <title> How BIG is Google?</title>
    <description> MUCH more where this came from. Subscribe to see it! Video Editing: http://www.cfnstudios.com ColdfusTion Android Launcher: https://play.google.com/store/app....</description>
    <keywords>}</keywords>
    <data>20-03-2015-13-37-23</data>
    <linkoriginal>https://www.youtube.com/watch?v=-79uIRQiAFM</linkoriginal>

    <future></future>
    
  </video>
  <opcoes>
    <type>youtube</type>
    <future></future>
  </opcoes>
</dados>