<?xml version='1.0'?>
<dados>
  <video>
    <idiv>0KSh_0u8In000000000001</idiv>
    <ide>0KSh_0u8In0</ide>
    <author>Comunidade-BR</author>
    <embed>usuario@email.com</email>
    <title> A Morte de Jiban</title>
    <description>Triste capítulo</description>
    <keywords>key</keywords>
    <data>20-03-2015-14-09-25</data>
    <linkoriginal>https://www.youtube.com/watch?v=0KSh_0u8In0</linkoriginal>

    <future></future>
    
  </video>
  <opcoes>
    <type>youtube</type>
    <future></future>
  </opcoes>
</dados>