<?xml version='1.0'?>
<dados>
  <video>
    <idiv>34toH08IRwU00000000001</idiv>
    <ide>34toH08IRwU</ide>
    <author>Comunidade-BR</author>
    <embed>usuario@email.com</email>
    <title> GTA V - Entrando em QUATRO BURACOS, Corrida NOVA</title>
    <description> Loja Parceira - Playstation 4, XBOX ONE, games e acessórios: http://bit.ly/1qZjQvD (cupom com 5% de desconto, aproveitem!) INSCREVA-SE NO CANAL - http://goo.....</description>
    <keywords></keywords>
    <data>20-03-2015-15-25-11</data>
    <linkoriginal>https://www.youtube.com/watch?v=34toH08IRwU</linkoriginal>

    <future></future>
    
  </video>
  <opcoes>
    <type>youtube</type>
    <future></future>
  </opcoes>
</dados>