<?xml version='1.0'?>
<dados>
  <video>
    <idiv>BEtIoGQxqQs00000000001</idiv>
    <ide>BEtIoGQxqQs</ide>
    <author>Comunidade-BR</author>
    <embed>usuario@email.com</email>
    <title> afro ninja</title>
    <description> afro ninja.</description>
    <keywords></keywords>
    <data>20-03-2015-14-03-41</data>
    <linkoriginal>https://www.youtube.com/watch?v=BEtIoGQxqQs</linkoriginal>

    <future></future>
    
  </video>
  <opcoes>
    <type>youtube</type>
    <future></future>
  </opcoes>
</dados>