<?xml version='1.0'?>
<dados>
  <video>
    <idiv>CpseG8Tif2c00000000001</idiv>
    <ide>CpseG8Tif2c</ide>
    <author>Comunidade-BR</author>
    <embed>usuario@email.com</email>
    <title> 6 PREVISÕES QUE OS SIMPSONS FIZERAM (E ACERTARAM)</title>
    <description> Inscreva-se no canal: http://goo.gl/En1Gmd Assista outras listas: http://goo.gl/IG7nqk Fanpage: http://goo.gl/ubF733 Uma vez acabei me perdendo em uma feira ....</description>
    <keywords></keywords>
    <data>20-03-2015-14-57-30</data>
    <linkoriginal>https://www.youtube.com/watch?v=CpseG8Tif2c</linkoriginal>

    <future></future>
    
  </video>
  <opcoes>
    <type>youtube</type>
    <future></future>
  </opcoes>
</dados>