<?xml version='1.0'?>
<dados>
  <video>
    <idiv>EI6AuSO-R1000000000001</idiv>
    <ide>EI6AuSO-R10</ide>
    <author>Comunidade-BR</author>
    <embed>usuario@email.com</email>
    <title> Alemão neurótico - Legendado português -</title>
    <description> Garoto neurótico jogando Unreal Tournament..</description>
    <keywords></keywords>
    <data>20-03-2015-13-57-38</data>
    <linkoriginal>https://www.youtube.com/watch?v=EI6AuSO-R10</linkoriginal>

    <future></future>
    
  </video>
  <opcoes>
    <type>youtube</type>
    <future></future>
  </opcoes>
</dados>