<?xml version='1.0'?>
<dados>
  <video>
    <idiv>FBdrMCucTt400000000001</idiv>
    <ide>FBdrMCucTt4</ide>
    <author>Comunidade-BR</author>
    <embed>usuario@email.com</email>
    <title> Jaspion (1985) Dublado - Ep. 33 [Parte 02]</title>
    <description> Jaspion (1985) Kyojuu Tokusou Jaspion (巨獣特捜ジャスピオン, Kyojū Tokusō Jasupion?, traduzido como Investigador de Monstros Juspion, e lançado no Brasil sob o título ....</description>
    <keywords></keywords>
    <data>20-03-2015-13-53-06</data>
    <linkoriginal>https://www.youtube.com/watch?v=FBdrMCucTt4</linkoriginal>

    <future></future>
    
  </video>
  <opcoes>
    <type>youtube</type>
    <future></future>
  </opcoes>
</dados>