<?xml version='1.0'?>
<dados>
  <video>
    <idiv>jNQXAC9IVRw00000000001</idiv>
    <ide>jNQXAC9IVRw</ide>
    <author>Comunidade-BR</author>
    <embed>usuario@email.com</email>
    <title> Me at the zoo</title>
    <description> The first video on YouTube..</description>
    <keywords></keywords>
    <data>20-03-2015-14-21-46</data>
    <linkoriginal>https://www.youtube.com/watch?v=jNQXAC9IVRw</linkoriginal>

    <future></future>
    
  </video>
  <opcoes>
    <type>youtube</type>
    <future></future>
  </opcoes>
</dados>