<?xml version='1.0'?>
<dados>
  <video>
    <idiv>k5hmwk-Vv3000000000001</idiv>
    <ide>k5hmwk-Vv30</ide>
    <author>Comunidade-BR</author>
    <embed>usuario@email.com</email>
    <title> JASPION EP 21 PARTE 3</title>
    <description>Descrição Teste 2 testando</description>
    <keywords></keywords>
    <data>20-03-2015-15-16-27</data>
    <linkoriginal>https://www.youtube.com/watch?v=k5hmwk-Vv30</linkoriginal>

    <future></future>
    
  </video>
  <opcoes>
    <type>youtube</type>
    <future></future>
  </opcoes>
</dados>