<?xml version='1.0'?>
<dados>
  <video>
    <idiv>P-aDgWZkEUU00000000001</idiv>
    <ide>P-aDgWZkEUU</ide>
    <author>Comunidade-BR</author>
    <embed>usuario@email.com</email>
    <title> Os Cavaleiros do Zodíaco: Ômega episódio 1 [Dublado em português]</title>
    <description> Os direitos autorais do vídeo pertencem à PlayArte, Dubrasil e Toei Animation.</description>
    <keywords></keywords>
    <data>20-03-2015-14-19-56</data>
    <linkoriginal>https://www.youtube.com/watch?v=P-aDgWZkEUU</linkoriginal>

    <future></future>
    
  </video>
  <opcoes>
    <type>youtube</type>
    <future></future>
  </opcoes>
</dados>