<?xml version='1.0'?>
<dados>
  <video>
    <idiv>u8id9g-Ct6s00000000001</idiv>
    <ide>u8id9g-Ct6s</ide>
    <author>Comunidade-BR</author>
    <embed>usuario@email.com</email>
    <title> Os Cavaleiros do Zodiaco Filme 2 : A Grande Batalha dos Deuses</title>
    <description> Sinopse: Odin é o deus supremo dos deuses da mitologia nórdica. Senhor da mágia e da sabedoria, Odin é detentor da lendária espada Balmung. Possui como monta....</description>
    <keywords></keywords>
    <data>20-03-2015-14-52-17</data>
    <linkoriginal>https://www.youtube.com/watch?v=u8id9g-Ct6s</linkoriginal>

    <future></future>
    
  </video>
  <opcoes>
    <type>youtube</type>
    <future></future>
  </opcoes>
</dados>