<?xml version='1.0'?>
<dados>
  <video>
    <idiv>uO5gfQRdzs000000000001</idiv>
    <ide>uO5gfQRdzs0</ide>
    <author>Comunidade-BR</author>
    <embed>usuario@email.com</email>
    <title> De Homem a Penha não tem Pena</title>
    <description> 286 referências investigando a relação de gênero em violência doméstica: http://csulb.edu/~mfiebert/assault.htm Matéria sobre a pesquisa no Brasil que conclu....</description>
    <keywords></keywords>
    <data>20-03-2015-14-27-01</data>
    <linkoriginal>https://www.youtube.com/watch?v=uO5gfQRdzs0</linkoriginal>

    <future></future>
    
  </video>
  <opcoes>
    <type>youtube</type>
    <future></future>
  </opcoes>
</dados>