<?xml version='1.0'?>
<dados>
  <video>
    <idiv>WodF95r8Ay800000000001</idiv>
    <ide>WodF95r8Ay8</ide>
    <author>Comunidade-BR</author>
    <embed>usuario@email.com</email>
    <title> 15/03: Eu Não Vou</title>
    <description> Amanhã é dia de protesto, e desse eu não pretendo participar. ----------- Música: Wallpaper/Modern Jazz Samba por Kevin MacLeod (incompetech.com). Licensed u....</description>
    <keywords></keywords>
    <data>20-03-2015-14-41-06</data>
    <linkoriginal>https://www.youtube.com/watch?v=WodF95r8Ay8</linkoriginal>

    <future></future>
    
  </video>
  <opcoes>
    <type>youtube</type>
    <future></future>
  </opcoes>
</dados>