<?xml version='1.0'?>
<dados>
  <video>
    <idiv>zEryCLRpyBs00000000001</idiv>
    <ide>zEryCLRpyBs</ide>
    <author>Comunidade-BR</author>
    <embed>usuario@email.com</email>
    <title> Black Kamen Rider - Transformação Original</title>
    <description> Black Kamen Rider - Transformação Original.</description>
    <keywords></keywords>
    <data>20-03-2015-14-12-32</data>
    <linkoriginal>https://www.youtube.com/watch?v=zEryCLRpyBs</linkoriginal>

    <future></future>
    
  </video>
  <opcoes>
    <type>youtube</type>
    <future></future>
  </opcoes>
</dados>