<?xml version="1.0" encoding="utf-8"?>
<agenda>
	<dados id="1" nome="Fulano de Tal" tel="(XX) 1234-5678" cel="(XX) 9999-0000" email="fulano.tal@email.com.br"/>
	<dados id="2" nome="Ciclano" tel="(XX) 1234-5678" cel="(XX) 0000-0000" email="ciclano@email.com.br"/>
	<dados id="3" nome="Fulano 1" tel="(XX) 1234-5678" cel="(XX) 0000-0000" email="ciclano@email.com.br"/>
	<dados id="4" nome="Fulano 2" tel="(XX) 1234-5678" cel="(XX) 0000-0000" email="ciclano@email.com.br"/>
	<dados id="5" nome="Fulano 3" tel="(XX) 1234-5678" cel="(XX) 0000-0000" email="ciclano@email.com.br"/>
	<dados id="6" nome="Fulano 3" tel="(XX) 1234-5678" cel="(XX) 0000-0000" email="ciclano@email.com.br"/>
	<dados id="7" nome="Fulano 3" tel="(XX) 1234-5678" cel="(XX) 0000-0000" email="ciclano@email.com.br"/>
	<dados id="8" nome="Fulano 3" tel="(XX) 1234-5678" cel="(XX) 0000-0000" email="ciclano@email.com.br"/>
	<dados id="9" nome="Fulano 3" tel="(XX) 1234-5678" cel="(XX) 0000-0000" email="ciclano@email.com.br"/>
	<dados id="10" nome="Fulano 3" tel="(XX) 1234-5678" cel="(XX) 0000-0000" email="ciclano@email.com.br"/>		
</agenda>